experiment_name,dataset_name,subset_name,selected_defects,run,model_name,image_AUROC,image_F1Score
cq_public_damaged,Circulation_quality,public,DAMAGED,1,Patchcore,0.6620330810546875,0.3478260934352875
cq_public_damaged,Circulation_quality,public,DAMAGED,1,PaDiM,0.9203476905822754,0.7155172228813171
cq_public_damaged,Circulation_quality,public,DAMAGED,1,DFM,0.7851657867431641,0.5245901346206665
cq_public_damaged,Circulation_quality,public,DAMAGED,1,CFA,0.8724722862243652,0.7234042286872864
cq_public_damaged,Circulation_quality,public,DAMAGED,1,STFPM,0.7604750394821167,0.49740931391716003
cq_public_damaged,Circulation_quality,public,DAMAGED,2,Patchcore,0.7536109685897827,0.5
cq_public_damaged,Circulation_quality,public,DAMAGED,2,PaDiM,0.9200513362884521,0.684684693813324
cq_public_damaged,Circulation_quality,public,DAMAGED,2,DFM,0.7851410508155823,0.5245901346206665
cq_public_damaged,Circulation_quality,public,DAMAGED,2,CFA,0.8815338015556335,0.7089946866035461
cq_public_damaged,Circulation_quality,public,DAMAGED,2,STFPM,0.7709192037582397,0.5333333611488342
cq_public_damaged,Circulation_quality,public,DAMAGED,3,Patchcore,0.8245227932929993,0.5627705454826355
cq_public_damaged,Circulation_quality,public,DAMAGED,3,PaDiM,0.9391126036643982,0.7321428656578064
cq_public_damaged,Circulation_quality,public,DAMAGED,3,DFM,0.7851410508155823,0.5245901346206665
cq_public_damaged,Circulation_quality,public,DAMAGED,3,CFA,0.8924224376678467,0.7225130796432495
cq_public_damaged,Circulation_quality,public,DAMAGED,3,STFPM,0.7757585644721985,0.5029940009117126
cq_public_damaged,Circulation_quality,public,DAMAGED,4,Patchcore,0.7585738301277161,0.52173912525177
cq_public_damaged,Circulation_quality,public,DAMAGED,4,PaDiM,0.9218785166740417,0.6742857098579407
cq_public_damaged,Circulation_quality,public,DAMAGED,4,DFM,0.7851657271385193,0.5245901346206665
cq_public_damaged,Circulation_quality,public,DAMAGED,4,CFA,0.8652873039245605,0.700507640838623
cq_public_damaged,Circulation_quality,public,DAMAGED,4,STFPM,0.8068936467170715,0.6020408272743225
cq_public_damaged,Circulation_quality,public,DAMAGED,5,Patchcore,0.5830473303794861,0.34624144434928894
cq_public_damaged,Circulation_quality,public,DAMAGED,5,PaDiM,0.9421989321708679,0.72826087474823
cq_public_damaged,Circulation_quality,public,DAMAGED,5,DFM,0.7851657271385193,0.5245901346206665
cq_public_damaged,Circulation_quality,public,DAMAGED,5,CFA,0.8692377805709839,0.7096773982048035
cq_public_damaged,Circulation_quality,public,DAMAGED,5,STFPM,0.7114145159721375,0.4337349534034729
cq_public_damaged,Circulation_quality,public,DAMAGED,6,Patchcore,0.7683760523796082,0.5056179761886597
cq_public_damaged,Circulation_quality,public,DAMAGED,6,PaDiM,0.920569896697998,0.6798029541969299
cq_public_damaged,Circulation_quality,public,DAMAGED,6,DFM,0.785141110420227,0.5245901346206665
cq_public_damaged,Circulation_quality,public,DAMAGED,6,CFA,0.8838793635368347,0.7292817831039429
cq_public_damaged,Circulation_quality,public,DAMAGED,6,STFPM,0.7623021602630615,0.4890829622745514
cq_public_damaged,Circulation_quality,public,DAMAGED,7,Patchcore,0.7588948607444763,0.5139665007591248
cq_public_damaged,Circulation_quality,public,DAMAGED,7,PaDiM,0.9268907308578491,0.7071823477745056
cq_public_damaged,Circulation_quality,public,DAMAGED,7,DFM,0.7851657271385193,0.5245901346206665
cq_public_damaged,Circulation_quality,public,DAMAGED,7,CFA,0.8610156774520874,0.6931818127632141
cq_public_damaged,Circulation_quality,public,DAMAGED,7,STFPM,0.7506481409072876,0.449760764837265
cq_public_damaged,Circulation_quality,public,DAMAGED,8,Patchcore,0.6674033403396606,0.38235294818878174
cq_public_damaged,Circulation_quality,public,DAMAGED,8,PaDiM,0.9214833974838257,0.6850828528404236
cq_public_damaged,Circulation_quality,public,DAMAGED,8,DFM,0.7851657271385193,0.5245901346206665
cq_public_damaged,Circulation_quality,public,DAMAGED,8,CFA,0.8917804956436157,0.71875
cq_public_damaged,Circulation_quality,public,DAMAGED,8,STFPM,0.7585985064506531,0.47058823704719543
cq_public_damaged,Circulation_quality,public,DAMAGED,9,Patchcore,0.7690427303314209,0.5341615080833435
cq_public_damaged,Circulation_quality,public,DAMAGED,9,PaDiM,0.9067676067352295,0.6725663542747498
cq_public_damaged,Circulation_quality,public,DAMAGED,9,DFM,0.7851410508155823,0.5245901346206665
cq_public_damaged,Circulation_quality,public,DAMAGED,9,CFA,0.8411149382591248,0.6632652878761292
cq_public_damaged,Circulation_quality,public,DAMAGED,9,STFPM,0.7247228026390076,0.42060086131095886
cq_public_damaged,Circulation_quality,public,DAMAGED,10,Patchcore,0.7470679879188538,0.460317462682724
cq_public_damaged,Circulation_quality,public,DAMAGED,10,PaDiM,0.9306190013885498,0.7526881694793701
cq_public_damaged,Circulation_quality,public,DAMAGED,10,DFM,0.7851657271385193,0.5245901346206665
cq_public_damaged,Circulation_quality,public,DAMAGED,10,CFA,0.8664477467536926,0.700564980506897
cq_public_damaged,Circulation_quality,public,DAMAGED,10,STFPM,0.7631909847259521,0.5288461446762085
cq_public_dirty,Circulation_quality,public,DIRTY,1,Patchcore,0.8941088318824768,0.7305389046669006
cq_public_dirty,Circulation_quality,public,DIRTY,1,PaDiM,0.9542810320854187,0.8047337532043457
cq_public_dirty,Circulation_quality,public,DIRTY,1,DFM,0.9325610995292664,0.8023256063461304
cq_public_dirty,Circulation_quality,public,DIRTY,1,CFA,0.901053786277771,0.7948718070983887
cq_public_dirty,Circulation_quality,public,DIRTY,1,STFPM,0.9015096426010132,0.75
cq_public_dirty,Circulation_quality,public,DIRTY,2,Patchcore,0.9000885486602783,0.7150837779045105
cq_public_dirty,Circulation_quality,public,DIRTY,2,PaDiM,0.9728636145591736,0.8372092843055725
cq_public_dirty,Circulation_quality,public,DIRTY,2,DFM,0.9325610995292664,0.8023256063461304
cq_public_dirty,Circulation_quality,public,DIRTY,2,CFA,0.9272249937057495,0.7948718070983887
cq_public_dirty,Circulation_quality,public,DIRTY,2,STFPM,0.8994180560112,0.7093023061752319
cq_public_dirty,Circulation_quality,public,DIRTY,3,Patchcore,0.9003297686576843,0.8165680766105652
cq_public_dirty,Circulation_quality,public,DIRTY,3,PaDiM,0.9825437068939209,0.9032257795333862
cq_public_dirty,Circulation_quality,public,DIRTY,3,DFM,0.9325610995292664,0.8023256063461304
cq_public_dirty,Circulation_quality,public,DIRTY,3,CFA,0.894135594367981,0.800000011920929
cq_public_dirty,Circulation_quality,public,DIRTY,3,STFPM,0.9161504507064819,0.7582417726516724
cq_public_dirty,Circulation_quality,public,DIRTY,4,Patchcore,0.895154595375061,0.8421052694320679
cq_public_dirty,Circulation_quality,public,DIRTY,4,PaDiM,0.9536910653114319,0.8402366638183594
cq_public_dirty,Circulation_quality,public,DIRTY,4,DFM,0.9325610995292664,0.8023256063461304
cq_public_dirty,Circulation_quality,public,DIRTY,4,CFA,0.8974875211715698,0.7922077775001526
cq_public_dirty,Circulation_quality,public,DIRTY,4,STFPM,0.888236403465271,0.6976743936538696
cq_public_dirty,Circulation_quality,public,DIRTY,5,Patchcore,0.9278149008750916,0.8192771077156067
cq_public_dirty,Circulation_quality,public,DIRTY,5,PaDiM,0.9843133687973022,0.8837209343910217
cq_public_dirty,Circulation_quality,public,DIRTY,5,DFM,0.9325610995292664,0.8023256063461304
cq_public_dirty,Circulation_quality,public,DIRTY,5,CFA,0.8902742862701416,0.8101266026496887
cq_public_dirty,Circulation_quality,public,DIRTY,5,STFPM,0.9278953075408936,0.8045976758003235
cq_public_dirty,Circulation_quality,public,DIRTY,6,Patchcore,0.922961413860321,0.8025477528572083
cq_public_dirty,Circulation_quality,public,DIRTY,6,PaDiM,0.9832944869995117,0.8817204236984253
cq_public_dirty,Circulation_quality,public,DIRTY,6,DFM,0.9325610995292664,0.8023256063461304
cq_public_dirty,Circulation_quality,public,DIRTY,6,CFA,0.8973265886306763,0.7922077775001526
cq_public_dirty,Circulation_quality,public,DIRTY,6,STFPM,0.8892017006874084,0.7272727489471436
cq_public_dirty,Circulation_quality,public,DIRTY,7,Patchcore,0.9268763065338135,0.8361582159996033
cq_public_dirty,Circulation_quality,public,DIRTY,7,PaDiM,0.9707987904548645,0.8720930218696594
cq_public_dirty,Circulation_quality,public,DIRTY,7,DFM,0.9325610995292664,0.8023256063461304
cq_public_dirty,Circulation_quality,public,DIRTY,7,CFA,0.9133886098861694,0.7948718070983887
cq_public_dirty,Circulation_quality,public,DIRTY,7,STFPM,0.9217814803123474,0.7570621371269226
cq_public_dirty,Circulation_quality,public,DIRTY,8,Patchcore,0.9075965881347656,0.824999988079071
cq_public_dirty,Circulation_quality,public,DIRTY,8,PaDiM,0.9729975461959839,0.8369565010070801
cq_public_dirty,Circulation_quality,public,DIRTY,8,DFM,0.9325610995292664,0.8023256063461304
cq_public_dirty,Circulation_quality,public,DIRTY,8,CFA,0.9052904844284058,0.800000011920929
cq_public_dirty,Circulation_quality,public,DIRTY,8,STFPM,0.8699487447738647,0.6585366129875183
cq_public_dirty,Circulation_quality,public,DIRTY,9,Patchcore,0.9390233755111694,0.8571428656578064
cq_public_dirty,Circulation_quality,public,DIRTY,9,PaDiM,0.9594025611877441,0.8363636136054993
cq_public_dirty,Circulation_quality,public,DIRTY,9,DFM,0.9325610995292664,0.8023256063461304
cq_public_dirty,Circulation_quality,public,DIRTY,9,CFA,0.9003298282623291,0.7922077775001526
cq_public_dirty,Circulation_quality,public,DIRTY,9,STFPM,0.9126377105712891,0.7613636255264282
cq_public_dirty,Circulation_quality,public,DIRTY,10,Patchcore,0.9234172701835632,0.800000011920929
cq_public_dirty,Circulation_quality,public,DIRTY,10,PaDiM,0.9659185409545898,0.8343558311462402
cq_public_dirty,Circulation_quality,public,DIRTY,10,DFM,0.9325610995292664,0.8023256063461304
cq_public_dirty,Circulation_quality,public,DIRTY,10,CFA,0.9031721949577332,0.7922077775001526
cq_public_dirty,Circulation_quality,public,DIRTY,10,STFPM,0.9342235922813416,0.763005793094635
cq_public_oxidized,Circulation_quality,public,OXIDIZED,1,Patchcore,0.9794495105743408,0.8737863898277283
cq_public_oxidized,Circulation_quality,public,OXIDIZED,1,PaDiM,0.9879930019378662,0.8181818127632141
cq_public_oxidized,Circulation_quality,public,OXIDIZED,1,DFM,0.9935808181762695,0.9514563083648682
cq_public_oxidized,Circulation_quality,public,OXIDIZED,1,CFA,0.9929343461990356,0.8648648858070374
cq_public_oxidized,Circulation_quality,public,OXIDIZED,1,STFPM,0.9470305442810059,0.6868686676025391
cq_public_oxidized,Circulation_quality,public,OXIDIZED,2,Patchcore,0.8916597366333008,0.6458333134651184
cq_public_oxidized,Circulation_quality,public,OXIDIZED,2,PaDiM,0.9915950298309326,0.868686854839325
cq_public_oxidized,Circulation_quality,public,OXIDIZED,2,DFM,0.9935808181762695,0.9514563083648682
cq_public_oxidized,Circulation_quality,public,OXIDIZED,2,CFA,0.9888242483139038,0.8155339956283569
cq_public_oxidized,Circulation_quality,public,OXIDIZED,2,STFPM,0.9340999126434326,0.7524752616882324
cq_public_oxidized,Circulation_quality,public,OXIDIZED,3,Patchcore,0.9731689691543579,0.8256880640983582
cq_public_oxidized,Circulation_quality,public,OXIDIZED,3,PaDiM,0.9912717938423157,0.8282828330993652
cq_public_oxidized,Circulation_quality,public,OXIDIZED,3,DFM,0.9935808181762695,0.9514563083648682
cq_public_oxidized,Circulation_quality,public,OXIDIZED,3,CFA,0.9809736013412476,0.8190476298332214
cq_public_oxidized,Circulation_quality,public,OXIDIZED,3,STFPM,0.9241710305213928,0.6153846383094788
cq_public_oxidized,Circulation_quality,public,OXIDIZED,4,Patchcore,0.993950366973877,0.9259259104728699
cq_public_oxidized,Circulation_quality,public,OXIDIZED,4,PaDiM,0.9926572442054749,0.8807339668273926
cq_public_oxidized,Circulation_quality,public,OXIDIZED,4,DFM,0.9935808181762695,0.9514563083648682
cq_public_oxidized,Circulation_quality,public,OXIDIZED,4,CFA,0.9914565086364746,0.843137264251709
cq_public_oxidized,Circulation_quality,public,OXIDIZED,4,STFPM,0.9832363724708557,0.8888888955116272
cq_public_oxidized,Circulation_quality,public,OXIDIZED,5,Patchcore,0.9896554350852966,0.9320388436317444
cq_public_oxidized,Circulation_quality,public,OXIDIZED,5,PaDiM,0.9911794066429138,0.886956512928009
cq_public_oxidized,Circulation_quality,public,OXIDIZED,5,DFM,0.9935808181762695,0.9514563083648682
cq_public_oxidized,Circulation_quality,public,OXIDIZED,5,CFA,0.9905329346656799,0.859649121761322
cq_public_oxidized,Circulation_quality,public,OXIDIZED,5,STFPM,0.9597764611244202,0.7200000286102295
cq_public_oxidized,Circulation_quality,public,OXIDIZED,6,Patchcore,0.9830977916717529,0.8761904835700989
cq_public_oxidized,Circulation_quality,public,OXIDIZED,6,PaDiM,0.9892398118972778,0.834782600402832
cq_public_oxidized,Circulation_quality,public,OXIDIZED,6,DFM,0.9935808181762695,0.9514563083648682
cq_public_oxidized,Circulation_quality,public,OXIDIZED,6,CFA,0.9915489554405212,0.8199999928474426
cq_public_oxidized,Circulation_quality,public,OXIDIZED,6,STFPM,0.9722452759742737,0.9158878326416016
cq_public_oxidized,Circulation_quality,public,OXIDIZED,7,Patchcore,0.9874850511550903,0.8545454740524292
cq_public_oxidized,Circulation_quality,public,OXIDIZED,7,PaDiM,0.9899787306785583,0.849056601524353
cq_public_oxidized,Circulation_quality,public,OXIDIZED,7,DFM,0.9935808181762695,0.9514563083648682
cq_public_oxidized,Circulation_quality,public,OXIDIZED,7,CFA,0.9929344058036804,0.8113207817077637
cq_public_oxidized,Circulation_quality,public,OXIDIZED,7,STFPM,0.9661033153533936,0.7142857313156128
cq_public_oxidized,Circulation_quality,public,OXIDIZED,8,Patchcore,0.9962131977081299,0.9272727370262146
cq_public_oxidized,Circulation_quality,public,OXIDIZED,8,PaDiM,0.9909946918487549,0.875
cq_public_oxidized,Circulation_quality,public,OXIDIZED,8,DFM,0.9935808181762695,0.9514563083648682
cq_public_oxidized,Circulation_quality,public,OXIDIZED,8,CFA,0.9894707202911377,0.8620689511299133
cq_public_oxidized,Circulation_quality,public,OXIDIZED,8,STFPM,0.9818509221076965,0.8571428656578064
cq_public_oxidized,Circulation_quality,public,OXIDIZED,9,Patchcore,0.9974600076675415,0.9158878326416016
cq_public_oxidized,Circulation_quality,public,OXIDIZED,9,PaDiM,0.9928419589996338,0.8717948794364929
cq_public_oxidized,Circulation_quality,public,OXIDIZED,9,DFM,0.9935808181762695,0.9514563083648682
cq_public_oxidized,Circulation_quality,public,OXIDIZED,9,CFA,0.9918721318244934,0.8301886916160583
cq_public_oxidized,Circulation_quality,public,OXIDIZED,9,STFPM,0.9281425476074219,0.6734693646430969
cq_public_oxidized,Circulation_quality,public,OXIDIZED,10,Patchcore,0.9854992032051086,0.8333333134651184
cq_public_oxidized,Circulation_quality,public,OXIDIZED,10,PaDiM,0.9880853295326233,0.8627451062202454
cq_public_oxidized,Circulation_quality,public,OXIDIZED,10,DFM,0.9935808181762695,0.9514563083648682
cq_public_oxidized,Circulation_quality,public,OXIDIZED,10,CFA,0.9891474843025208,0.8727272748947144
cq_public_oxidized,Circulation_quality,public,OXIDIZED,10,STFPM,0.9429205060005188,0.6428571343421936
cq_public_all_unfit,Circulation_quality,public,"DAMAGED,DIRTY,OXIDIZED",1,Patchcore,0.8548889756202698,0.7209302186965942
cq_public_all_unfit,Circulation_quality,public,"DAMAGED,DIRTY,OXIDIZED",1,PaDiM,0.9578372836112976,0.8503937125205994
cq_public_all_unfit,Circulation_quality,public,"DAMAGED,DIRTY,OXIDIZED",1,DFM,0.8991332650184631,0.804444432258606
cq_public_all_unfit,Circulation_quality,public,"DAMAGED,DIRTY,OXIDIZED",1,CFA,0.9125372171401978,0.8369098901748657
cq_public_all_unfit,Circulation_quality,public,"DAMAGED,DIRTY,OXIDIZED",1,STFPM,0.894899845123291,0.7643020749092102
cq_public_all_unfit,Circulation_quality,public,"DAMAGED,DIRTY,OXIDIZED",2,Patchcore,0.9025119543075562,0.7871853709220886
cq_public_all_unfit,Circulation_quality,public,"DAMAGED,DIRTY,OXIDIZED",2,PaDiM,0.9685162305831909,0.870636522769928
cq_public_all_unfit,Circulation_quality,public,"DAMAGED,DIRTY,OXIDIZED",2,DFM,0.8991231918334961,0.804444432258606
cq_public_all_unfit,Circulation_quality,public,"DAMAGED,DIRTY,OXIDIZED",2,CFA,0.924312174320221,0.8459869623184204
cq_public_all_unfit,Circulation_quality,public,"DAMAGED,DIRTY,OXIDIZED",2,STFPM,0.8328272104263306,0.6972476840019226
cq_public_all_unfit,Circulation_quality,public,"DAMAGED,DIRTY,OXIDIZED",3,Patchcore,0.8943668603897095,0.7447306513786316
cq_public_all_unfit,Circulation_quality,public,"DAMAGED,DIRTY,OXIDIZED",3,PaDiM,0.9517737627029419,0.8461538553237915
cq_public_all_unfit,Circulation_quality,public,"DAMAGED,DIRTY,OXIDIZED",3,DFM,0.8991432785987854,0.804444432258606
cq_public_all_unfit,Circulation_quality,public,"DAMAGED,DIRTY,OXIDIZED",3,CFA,0.9116322994232178,0.8351648449897766
cq_public_all_unfit,Circulation_quality,public,"DAMAGED,DIRTY,OXIDIZED",3,STFPM,0.8780770301818848,0.752293586730957
cq_public_all_unfit,Circulation_quality,public,"DAMAGED,DIRTY,OXIDIZED",4,Patchcore,0.8896408081054688,0.7954022884368896
cq_public_all_unfit,Circulation_quality,public,"DAMAGED,DIRTY,OXIDIZED",4,PaDiM,0.9435082077980042,0.8458498120307922
cq_public_all_unfit,Circulation_quality,public,"DAMAGED,DIRTY,OXIDIZED",4,DFM,0.8991231918334961,0.804444432258606
cq_public_all_unfit,Circulation_quality,public,"DAMAGED,DIRTY,OXIDIZED",4,CFA,0.9160767197608948,0.832617998123169
cq_public_all_unfit,Circulation_quality,public,"DAMAGED,DIRTY,OXIDIZED",4,STFPM,0.8750200271606445,0.7526426911354065
cq_public_all_unfit,Circulation_quality,public,"DAMAGED,DIRTY,OXIDIZED",5,Patchcore,0.8897112607955933,0.77582848072052
cq_public_all_unfit,Circulation_quality,public,"DAMAGED,DIRTY,OXIDIZED",5,PaDiM,0.967490553855896,0.8637316823005676
cq_public_all_unfit,Circulation_quality,public,"DAMAGED,DIRTY,OXIDIZED",5,DFM,0.8991231918334961,0.804444432258606
cq_public_all_unfit,Circulation_quality,public,"DAMAGED,DIRTY,OXIDIZED",5,CFA,0.918701171875,0.8380129337310791
cq_public_all_unfit,Circulation_quality,public,"DAMAGED,DIRTY,OXIDIZED",5,STFPM,0.9026627540588379,0.7533632516860962
cq_public_all_unfit,Circulation_quality,public,"DAMAGED,DIRTY,OXIDIZED",6,Patchcore,0.8472870588302612,0.7176221013069153
cq_public_all_unfit,Circulation_quality,public,"DAMAGED,DIRTY,OXIDIZED",6,PaDiM,0.9533122777938843,0.8380129337310791
cq_public_all_unfit,Circulation_quality,public,"DAMAGED,DIRTY,OXIDIZED",6,DFM,0.8991131782531738,0.804444432258606
cq_public_all_unfit,Circulation_quality,public,"DAMAGED,DIRTY,OXIDIZED",6,CFA,0.9187313914299011,0.8369098901748657
cq_public_all_unfit,Circulation_quality,public,"DAMAGED,DIRTY,OXIDIZED",6,STFPM,0.893391489982605,0.7432432174682617
cq_public_all_unfit,Circulation_quality,public,"DAMAGED,DIRTY,OXIDIZED",7,Patchcore,0.881616473197937,0.7834101319313049
cq_public_all_unfit,Circulation_quality,public,"DAMAGED,DIRTY,OXIDIZED",7,PaDiM,0.9584205150604248,0.85884690284729
cq_public_all_unfit,Circulation_quality,public,"DAMAGED,DIRTY,OXIDIZED",7,DFM,0.8991533517837524,0.804444432258606
cq_public_all_unfit,Circulation_quality,public,"DAMAGED,DIRTY,OXIDIZED",7,CFA,0.9272685647010803,0.8473118543624878
cq_public_all_unfit,Circulation_quality,public,"DAMAGED,DIRTY,OXIDIZED",7,STFPM,0.9141359925270081,0.7905982732772827
cq_public_all_unfit,Circulation_quality,public,"DAMAGED,DIRTY,OXIDIZED",8,Patchcore,0.8957747220993042,0.7476190328598022
cq_public_all_unfit,Circulation_quality,public,"DAMAGED,DIRTY,OXIDIZED",8,PaDiM,0.9641520977020264,0.8481012582778931
cq_public_all_unfit,Circulation_quality,public,"DAMAGED,DIRTY,OXIDIZED",8,DFM,0.8991332054138184,0.804444432258606
cq_public_all_unfit,Circulation_quality,public,"DAMAGED,DIRTY,OXIDIZED",8,CFA,0.9253077507019043,0.8528784513473511
cq_public_all_unfit,Circulation_quality,public,"DAMAGED,DIRTY,OXIDIZED",8,STFPM,0.8585593104362488,0.6919831037521362
cq_public_all_unfit,Circulation_quality,public,"DAMAGED,DIRTY,OXIDIZED",9,Patchcore,0.9002795815467834,0.7947019934654236
cq_public_all_unfit,Circulation_quality,public,"DAMAGED,DIRTY,OXIDIZED",9,PaDiM,0.9519648551940918,0.8423236608505249
cq_public_all_unfit,Circulation_quality,public,"DAMAGED,DIRTY,OXIDIZED",9,DFM,0.8991131782531738,0.804444432258606
cq_public_all_unfit,Circulation_quality,public,"DAMAGED,DIRTY,OXIDIZED",9,CFA,0.9230149388313293,0.8358209133148193
cq_public_all_unfit,Circulation_quality,public,"DAMAGED,DIRTY,OXIDIZED",9,STFPM,0.8855683207511902,0.7706422209739685
cq_public_all_unfit,Circulation_quality,public,"DAMAGED,DIRTY,OXIDIZED",10,Patchcore,0.9080926179885864,0.7852193713188171
cq_public_all_unfit,Circulation_quality,public,"DAMAGED,DIRTY,OXIDIZED",10,PaDiM,0.9704771041870117,0.8823529481887817
cq_public_all_unfit,Circulation_quality,public,"DAMAGED,DIRTY,OXIDIZED",10,DFM,0.8991533517837524,0.804444432258606
cq_public_all_unfit,Circulation_quality,public,"DAMAGED,DIRTY,OXIDIZED",10,CFA,0.9197369813919067,0.8439560532569885
cq_public_all_unfit,Circulation_quality,public,"DAMAGED,DIRTY,OXIDIZED",10,STFPM,0.9036280512809753,0.7780219912528992
md_public_7_partial,Manufacturing_defects,public,7_partially_erased,1,Patchcore,0.8739315867424011,0.6875
md_public_7_partial,Manufacturing_defects,public,7_partially_erased,1,PaDiM,0.976495623588562,0.7567567825317383
md_public_7_partial,Manufacturing_defects,public,7_partially_erased,1,DFM,0.9935897588729858,0.9189189076423645
md_public_7_partial,Manufacturing_defects,public,7_partially_erased,1,CFA,0.8282051086425781,0.3913043439388275
md_public_7_partial,Manufacturing_defects,public,7_partially_erased,1,STFPM,0.9363247752189636,0.625
md_public_7_partial,Manufacturing_defects,public,7_partially_erased,2,Patchcore,0.888888955116272,0.7142857313156128
md_public_7_partial,Manufacturing_defects,public,7_partially_erased,2,PaDiM,0.9965811967849731,0.800000011920929
md_public_7_partial,Manufacturing_defects,public,7_partially_erased,2,DFM,0.9935897588729858,0.9189189076423645
md_public_7_partial,Manufacturing_defects,public,7_partially_erased,2,CFA,0.8376068472862244,0.3478260934352875
md_public_7_partial,Manufacturing_defects,public,7_partially_erased,2,STFPM,0.8384615182876587,0.4313725531101227
md_public_7_partial,Manufacturing_defects,public,7_partially_erased,3,Patchcore,0.8888888955116272,0.517241358757019
md_public_7_partial,Manufacturing_defects,public,7_partially_erased,3,PaDiM,0.9611111283302307,0.6666666865348816
md_public_7_partial,Manufacturing_defects,public,7_partially_erased,3,DFM,0.9935897588729858,0.9189189076423645
md_public_7_partial,Manufacturing_defects,public,7_partially_erased,3,CFA,0.8059828281402588,0.3896103799343109
md_public_7_partial,Manufacturing_defects,public,7_partially_erased,3,STFPM,0.8957264423370361,0.4888888895511627
md_public_7_partial,Manufacturing_defects,public,7_partially_erased,4,Patchcore,0.8999999761581421,0.5
md_public_7_partial,Manufacturing_defects,public,7_partially_erased,4,PaDiM,0.9707265496253967,0.7428571581840515
md_public_7_partial,Manufacturing_defects,public,7_partially_erased,4,DFM,0.9935897588729858,0.9189189076423645
md_public_7_partial,Manufacturing_defects,public,7_partially_erased,4,CFA,0.7743589878082275,0.43478259444236755
md_public_7_partial,Manufacturing_defects,public,7_partially_erased,4,STFPM,0.9158120155334473,0.5333333611488342
md_public_7_partial,Manufacturing_defects,public,7_partially_erased,5,Patchcore,0.7525641322135925,0.3404255211353302
md_public_7_partial,Manufacturing_defects,public,7_partially_erased,5,PaDiM,0.9692307710647583,0.7567567825317383
md_public_7_partial,Manufacturing_defects,public,7_partially_erased,5,DFM,0.9935897588729858,0.9189189076423645
md_public_7_partial,Manufacturing_defects,public,7_partially_erased,5,CFA,0.7846153378486633,0.36734694242477417
md_public_7_partial,Manufacturing_defects,public,7_partially_erased,5,STFPM,0.9076922535896301,0.5098039507865906
md_public_7_partial,Manufacturing_defects,public,7_partially_erased,6,Patchcore,0.9235043525695801,0.5581395626068115
md_public_7_partial,Manufacturing_defects,public,7_partially_erased,6,PaDiM,0.9982905387878418,0.9411764740943909
md_public_7_partial,Manufacturing_defects,public,7_partially_erased,6,DFM,0.9935897588729858,0.9189189076423645
md_public_7_partial,Manufacturing_defects,public,7_partially_erased,6,CFA,0.8410256505012512,0.3921568691730499
md_public_7_partial,Manufacturing_defects,public,7_partially_erased,6,STFPM,0.7688034176826477,0.3870967626571655
md_public_7_partial,Manufacturing_defects,public,7_partially_erased,7,Patchcore,0.8559828996658325,0.4444444477558136
md_public_7_partial,Manufacturing_defects,public,7_partially_erased,7,PaDiM,0.9745726585388184,0.8205128312110901
md_public_7_partial,Manufacturing_defects,public,7_partially_erased,7,DFM,0.9935897588729858,0.9189189076423645
md_public_7_partial,Manufacturing_defects,public,7_partially_erased,7,CFA,0.8756409883499146,0.42500001192092896
md_public_7_partial,Manufacturing_defects,public,7_partially_erased,7,STFPM,0.8508546948432922,0.4583333432674408
md_public_7_partial,Manufacturing_defects,public,7_partially_erased,8,Patchcore,0.8944444060325623,0.5199999809265137
md_public_7_partial,Manufacturing_defects,public,7_partially_erased,8,PaDiM,0.9717947840690613,0.7804877758026123
md_public_7_partial,Manufacturing_defects,public,7_partially_erased,8,DFM,0.9935897588729858,0.9189189076423645
md_public_7_partial,Manufacturing_defects,public,7_partially_erased,8,CFA,0.8320512771606445,0.4642857015132904
md_public_7_partial,Manufacturing_defects,public,7_partially_erased,8,STFPM,0.936752200126648,0.5454545617103577
md_public_7_partial,Manufacturing_defects,public,7_partially_erased,9,Patchcore,0.595726490020752,0.29629629850387573
md_public_7_partial,Manufacturing_defects,public,7_partially_erased,9,PaDiM,0.9581195712089539,0.6842105388641357
md_public_7_partial,Manufacturing_defects,public,7_partially_erased,9,DFM,0.9935897588729858,0.9189189076423645
md_public_7_partial,Manufacturing_defects,public,7_partially_erased,9,CFA,0.807692289352417,0.4363636374473572
md_public_7_partial,Manufacturing_defects,public,7_partially_erased,9,STFPM,0.8132478594779968,0.3499999940395355
md_public_7_partial,Manufacturing_defects,public,7_partially_erased,10,Patchcore,0.8901709914207458,0.6111111044883728
md_public_7_partial,Manufacturing_defects,public,7_partially_erased,10,PaDiM,0.9713675379753113,0.7058823704719543
md_public_7_partial,Manufacturing_defects,public,7_partially_erased,10,DFM,0.9935897588729858,0.9189189076423645
md_public_7_partial,Manufacturing_defects,public,7_partially_erased,10,CFA,0.8179486989974976,0.3928571343421936
md_public_7_partial,Manufacturing_defects,public,7_partially_erased,10,STFPM,0.8773504495620728,0.5
md_public_building_partial,Manufacturing_defects,public,Building_partially_erased,1,Patchcore,0.7759615778923035,0.4000000059604645
md_public_building_partial,Manufacturing_defects,public,Building_partially_erased,1,PaDiM,0.872115433216095,0.3448275923728943
md_public_building_partial,Manufacturing_defects,public,Building_partially_erased,1,DFM,0.995192289352417,0.7777777910232544
md_public_building_partial,Manufacturing_defects,public,Building_partially_erased,1,CFA,0.19903846085071564,0.11034482717514038
md_public_building_partial,Manufacturing_defects,public,Building_partially_erased,1,STFPM,0.7884615063667297,0.21276596188545227
md_public_building_partial,Manufacturing_defects,public,Building_partially_erased,2,Patchcore,0.42403846979141235,0.0
md_public_building_partial,Manufacturing_defects,public,Building_partially_erased,2,PaDiM,0.8971153497695923,0.3636363744735718
md_public_building_partial,Manufacturing_defects,public,Building_partially_erased,2,DFM,0.995192289352417,0.7777777910232544
md_public_building_partial,Manufacturing_defects,public,Building_partially_erased,2,CFA,0.24423076212406158,0.03076923079788685
md_public_building_partial,Manufacturing_defects,public,Building_partially_erased,2,STFPM,0.6740384101867676,0.1428571492433548
md_public_building_partial,Manufacturing_defects,public,Building_partially_erased,3,Patchcore,0.759615421295166,0.2222222238779068
md_public_building_partial,Manufacturing_defects,public,Building_partially_erased,3,PaDiM,0.8711538314819336,0.32258063554763794
md_public_building_partial,Manufacturing_defects,public,Building_partially_erased,3,DFM,0.995192289352417,0.7777777910232544
md_public_building_partial,Manufacturing_defects,public,Building_partially_erased,3,CFA,0.33365383744239807,0.10958904027938843
md_public_building_partial,Manufacturing_defects,public,Building_partially_erased,3,STFPM,0.7528846263885498,0.19672131538391113
md_public_building_partial,Manufacturing_defects,public,Building_partially_erased,4,Patchcore,0.3394230604171753,0.10958904027938843
md_public_building_partial,Manufacturing_defects,public,Building_partially_erased,4,PaDiM,0.9038462042808533,0.1666666716337204
md_public_building_partial,Manufacturing_defects,public,Building_partially_erased,4,DFM,0.995192289352417,0.7777777910232544
md_public_building_partial,Manufacturing_defects,public,Building_partially_erased,4,CFA,0.2221153825521469,0.11034482717514038
md_public_building_partial,Manufacturing_defects,public,Building_partially_erased,4,STFPM,0.8125,0.1818181872367859
md_public_building_partial,Manufacturing_defects,public,Building_partially_erased,5,Patchcore,0.7461538314819336,0.4000000059604645
md_public_building_partial,Manufacturing_defects,public,Building_partially_erased,5,PaDiM,0.9528845548629761,0.625
md_public_building_partial,Manufacturing_defects,public,Building_partially_erased,5,DFM,0.995192289352417,0.7777777910232544
md_public_building_partial,Manufacturing_defects,public,Building_partially_erased,5,CFA,0.1865384578704834,0.1111111119389534
md_public_building_partial,Manufacturing_defects,public,Building_partially_erased,5,STFPM,0.8259615302085876,0.23999999463558197
md_public_building_partial,Manufacturing_defects,public,Building_partially_erased,6,Patchcore,0.7721154689788818,0.22727273404598236
md_public_building_partial,Manufacturing_defects,public,Building_partially_erased,6,PaDiM,0.9048076868057251,0.3199999928474426
md_public_building_partial,Manufacturing_defects,public,Building_partially_erased,6,DFM,0.995192289352417,0.7777777910232544
md_public_building_partial,Manufacturing_defects,public,Building_partially_erased,6,CFA,0.14711537957191467,0.0979020968079567
md_public_building_partial,Manufacturing_defects,public,Building_partially_erased,6,STFPM,0.7298076748847961,0.11764705926179886
md_public_building_partial,Manufacturing_defects,public,Building_partially_erased,7,Patchcore,0.7105768918991089,0.125
md_public_building_partial,Manufacturing_defects,public,Building_partially_erased,7,PaDiM,0.9057692289352417,0.380952388048172
md_public_building_partial,Manufacturing_defects,public,Building_partially_erased,7,DFM,0.995192289352417,0.7777777910232544
md_public_building_partial,Manufacturing_defects,public,Building_partially_erased,7,CFA,0.1605769395828247,0.1111111119389534
md_public_building_partial,Manufacturing_defects,public,Building_partially_erased,7,STFPM,0.8057692050933838,0.13793103396892548
md_public_building_partial,Manufacturing_defects,public,Building_partially_erased,8,Patchcore,0.42307692766189575,0.1111111119389534
md_public_building_partial,Manufacturing_defects,public,Building_partially_erased,8,PaDiM,0.8894230723381042,0.42105263471603394
md_public_building_partial,Manufacturing_defects,public,Building_partially_erased,8,DFM,0.995192289352417,0.7777777910232544
md_public_building_partial,Manufacturing_defects,public,Building_partially_erased,8,CFA,0.3480769395828247,0.10000000149011612
md_public_building_partial,Manufacturing_defects,public,Building_partially_erased,8,STFPM,0.5134615302085876,0.13333334028720856
md_public_building_partial,Manufacturing_defects,public,Building_partially_erased,9,Patchcore,0.5423076152801514,0.125
md_public_building_partial,Manufacturing_defects,public,Building_partially_erased,9,PaDiM,0.9249999523162842,0.4000000059604645
md_public_building_partial,Manufacturing_defects,public,Building_partially_erased,9,DFM,0.995192289352417,0.7777777910232544
md_public_building_partial,Manufacturing_defects,public,Building_partially_erased,9,CFA,0.20384614169597626,0.1111111119389534
md_public_building_partial,Manufacturing_defects,public,Building_partially_erased,9,STFPM,0.759615421295166,0.2083333283662796
md_public_building_partial,Manufacturing_defects,public,Building_partially_erased,10,Patchcore,0.7605769634246826,0.17142857611179352
md_public_building_partial,Manufacturing_defects,public,Building_partially_erased,10,PaDiM,0.9153845310211182,0.46666666865348816
md_public_building_partial,Manufacturing_defects,public,Building_partially_erased,10,DFM,0.995192289352417,0.7777777910232544
md_public_building_partial,Manufacturing_defects,public,Building_partially_erased,10,CFA,0.17500001192092896,0.0979020968079567
md_public_building_partial,Manufacturing_defects,public,Building_partially_erased,10,STFPM,0.6634615063667297,0.13333334028720856
md_public_different_pressures,Manufacturing_defects,public,Different_pressures,1,Patchcore,0.9551648497581482,0.885496199131012
md_public_different_pressures,Manufacturing_defects,public,Different_pressures,1,PaDiM,0.989230751991272,0.936170220375061
md_public_different_pressures,Manufacturing_defects,public,Different_pressures,1,DFM,0.9963736534118652,0.9436619877815247
md_public_different_pressures,Manufacturing_defects,public,Different_pressures,1,CFA,0.9807692170143127,0.8970588445663452
md_public_different_pressures,Manufacturing_defects,public,Different_pressures,1,STFPM,0.6784614324569702,0.5388600826263428
md_public_different_pressures,Manufacturing_defects,public,Different_pressures,2,Patchcore,0.9614285230636597,0.8759124279022217
md_public_different_pressures,Manufacturing_defects,public,Different_pressures,2,PaDiM,0.9803296327590942,0.884353756904602
md_public_different_pressures,Manufacturing_defects,public,Different_pressures,2,DFM,0.9963736534118652,0.9436619877815247
md_public_different_pressures,Manufacturing_defects,public,Different_pressures,2,CFA,0.9783516526222229,0.9064748287200928
md_public_different_pressures,Manufacturing_defects,public,Different_pressures,2,STFPM,0.8200549483299255,0.6835442781448364
md_public_different_pressures,Manufacturing_defects,public,Different_pressures,3,Patchcore,0.9528571367263794,0.8714285492897034
md_public_different_pressures,Manufacturing_defects,public,Different_pressures,3,PaDiM,0.9738460779190063,0.8767123222351074
md_public_different_pressures,Manufacturing_defects,public,Different_pressures,3,DFM,0.9963736534118652,0.9436619877815247
md_public_different_pressures,Manufacturing_defects,public,Different_pressures,3,CFA,0.9865933656692505,0.9051094651222229
md_public_different_pressures,Manufacturing_defects,public,Different_pressures,3,STFPM,0.7790110111236572,0.607594907283783
md_public_different_pressures,Manufacturing_defects,public,Different_pressures,4,Patchcore,0.9599999785423279,0.8840579986572266
md_public_different_pressures,Manufacturing_defects,public,Different_pressures,4,PaDiM,0.9872527122497559,0.9104477763175964
md_public_different_pressures,Manufacturing_defects,public,Different_pressures,4,DFM,0.9963736534118652,0.9436619877815247
md_public_different_pressures,Manufacturing_defects,public,Different_pressures,4,CFA,0.9751648902893066,0.8702290058135986
md_public_different_pressures,Manufacturing_defects,public,Different_pressures,4,STFPM,0.7614285945892334,0.6358974575996399
md_public_different_pressures,Manufacturing_defects,public,Different_pressures,5,Patchcore,0.9650548696517944,0.9007633328437805
md_public_different_pressures,Manufacturing_defects,public,Different_pressures,5,PaDiM,0.990109920501709,0.9241379499435425
md_public_different_pressures,Manufacturing_defects,public,Different_pressures,5,DFM,0.9963736534118652,0.9436619877815247
md_public_different_pressures,Manufacturing_defects,public,Different_pressures,5,CFA,0.977142870426178,0.8905109763145447
md_public_different_pressures,Manufacturing_defects,public,Different_pressures,5,STFPM,0.6993406414985657,0.5333333611488342
md_public_different_pressures,Manufacturing_defects,public,Different_pressures,6,Patchcore,0.9199999570846558,0.800000011920929
md_public_different_pressures,Manufacturing_defects,public,Different_pressures,6,PaDiM,0.9791208505630493,0.8904109597206116
md_public_different_pressures,Manufacturing_defects,public,Different_pressures,6,DFM,0.9963736534118652,0.9436619877815247
md_public_different_pressures,Manufacturing_defects,public,Different_pressures,6,CFA,0.978131890296936,0.8985507488250732
md_public_different_pressures,Manufacturing_defects,public,Different_pressures,6,STFPM,0.5794505476951599,0.48730963468551636
md_public_different_pressures,Manufacturing_defects,public,Different_pressures,7,Patchcore,0.9291208386421204,0.7808219194412231
md_public_different_pressures,Manufacturing_defects,public,Different_pressures,7,PaDiM,0.9848352074623108,0.8933333158493042
md_public_different_pressures,Manufacturing_defects,public,Different_pressures,7,DFM,0.9963736534118652,0.9436619877815247
md_public_different_pressures,Manufacturing_defects,public,Different_pressures,7,CFA,0.9821977615356445,0.89552241563797
md_public_different_pressures,Manufacturing_defects,public,Different_pressures,7,STFPM,0.8713186979293823,0.7384615540504456
md_public_different_pressures,Manufacturing_defects,public,Different_pressures,8,Patchcore,0.9561537504196167,0.8920863270759583
md_public_different_pressures,Manufacturing_defects,public,Different_pressures,8,PaDiM,0.9820879697799683,0.8936170339584351
md_public_different_pressures,Manufacturing_defects,public,Different_pressures,8,DFM,0.9963736534118652,0.9436619877815247
md_public_different_pressures,Manufacturing_defects,public,Different_pressures,8,CFA,0.9805493950843811,0.9078013896942139
md_public_different_pressures,Manufacturing_defects,public,Different_pressures,8,STFPM,0.6720879673957825,0.6161616444587708
md_public_different_pressures,Manufacturing_defects,public,Different_pressures,9,Patchcore,0.9568131566047668,0.8823529481887817
md_public_different_pressures,Manufacturing_defects,public,Different_pressures,9,PaDiM,0.9847251772880554,0.8999999761581421
md_public_different_pressures,Manufacturing_defects,public,Different_pressures,9,DFM,0.9963736534118652,0.9436619877815247
md_public_different_pressures,Manufacturing_defects,public,Different_pressures,9,CFA,0.9792307615280151,0.9051094651222229
md_public_different_pressures,Manufacturing_defects,public,Different_pressures,9,STFPM,0.8363736271858215,0.6891891956329346
md_public_different_pressures,Manufacturing_defects,public,Different_pressures,10,Patchcore,0.9654945135116577,0.875
md_public_different_pressures,Manufacturing_defects,public,Different_pressures,10,PaDiM,0.991098940372467,0.9090909361839294
md_public_different_pressures,Manufacturing_defects,public,Different_pressures,10,DFM,0.9963736534118652,0.9436619877815247
md_public_different_pressures,Manufacturing_defects,public,Different_pressures,10,CFA,0.9793405532836914,0.9078013896942139
md_public_different_pressures,Manufacturing_defects,public,Different_pressures,10,STFPM,0.8195604681968689,0.6478873491287231
md_public_star_partial,Manufacturing_defects,public,Star_partially_erased,1,Patchcore,0.7087912559509277,0.0
md_public_star_partial,Manufacturing_defects,public,Star_partially_erased,1,PaDiM,0.8901098966598511,0.2857142984867096
md_public_star_partial,Manufacturing_defects,public,Star_partially_erased,1,DFM,0.9791209101676941,0.5454545617103577
md_public_star_partial,Manufacturing_defects,public,Star_partially_erased,1,CFA,0.5274725556373596,0.11764705926179886
md_public_star_partial,Manufacturing_defects,public,Star_partially_erased,1,STFPM,0.7362637519836426,0.1818181872367859
md_public_star_partial,Manufacturing_defects,public,Star_partially_erased,2,Patchcore,0.5802198052406311,0.1666666716337204
md_public_star_partial,Manufacturing_defects,public,Star_partially_erased,2,PaDiM,0.8428571224212646,0.2857142984867096
md_public_star_partial,Manufacturing_defects,public,Star_partially_erased,2,DFM,0.9791209101676941,0.5454545617103577
md_public_star_partial,Manufacturing_defects,public,Star_partially_erased,2,CFA,0.47692304849624634,0.1428571492433548
md_public_star_partial,Manufacturing_defects,public,Star_partially_erased,2,STFPM,0.7395604252815247,0.23529411852359772
md_public_star_partial,Manufacturing_defects,public,Star_partially_erased,3,Patchcore,0.7560439109802246,0.23999999463558197
md_public_star_partial,Manufacturing_defects,public,Star_partially_erased,3,PaDiM,0.7725274562835693,0.1818181872367859
md_public_star_partial,Manufacturing_defects,public,Star_partially_erased,3,DFM,0.9791209101676941,0.5454545617103577
md_public_star_partial,Manufacturing_defects,public,Star_partially_erased,3,CFA,0.5131868124008179,0.1538461595773697
md_public_star_partial,Manufacturing_defects,public,Star_partially_erased,3,STFPM,0.720879077911377,0.3076923191547394
md_public_star_partial,Manufacturing_defects,public,Star_partially_erased,4,Patchcore,0.5549449920654297,0.10256410390138626
md_public_star_partial,Manufacturing_defects,public,Star_partially_erased,4,PaDiM,0.8296703100204468,0.2666666805744171
md_public_star_partial,Manufacturing_defects,public,Star_partially_erased,4,DFM,0.9791209101676941,0.5454545617103577
md_public_star_partial,Manufacturing_defects,public,Star_partially_erased,4,CFA,0.504395604133606,0.08955223858356476
md_public_star_partial,Manufacturing_defects,public,Star_partially_erased,4,STFPM,0.6670329570770264,0.1818181872367859
md_public_star_partial,Manufacturing_defects,public,Star_partially_erased,5,Patchcore,0.7626373171806335,0.20000000298023224
md_public_star_partial,Manufacturing_defects,public,Star_partially_erased,5,PaDiM,0.7230768799781799,0.17391304671764374
md_public_star_partial,Manufacturing_defects,public,Star_partially_erased,5,DFM,0.9791209101676941,0.5454545617103577
md_public_star_partial,Manufacturing_defects,public,Star_partially_erased,5,CFA,0.5087912082672119,0.21052631735801697
md_public_star_partial,Manufacturing_defects,public,Star_partially_erased,5,STFPM,0.7670329809188843,0.1818181872367859
md_public_star_partial,Manufacturing_defects,public,Star_partially_erased,6,Patchcore,0.5648351907730103,0.10810811072587967
md_public_star_partial,Manufacturing_defects,public,Star_partially_erased,6,PaDiM,0.889011025428772,0.4000000059604645
md_public_star_partial,Manufacturing_defects,public,Star_partially_erased,6,DFM,0.9791209101676941,0.5454545617103577
md_public_star_partial,Manufacturing_defects,public,Star_partially_erased,6,CFA,0.48351651430130005,0.1818181872367859
md_public_star_partial,Manufacturing_defects,public,Star_partially_erased,6,STFPM,0.7340659499168396,0.13333334028720856
md_public_star_partial,Manufacturing_defects,public,Star_partially_erased,7,Patchcore,0.32967036962509155,0.0
md_public_star_partial,Manufacturing_defects,public,Star_partially_erased,7,PaDiM,0.8516483306884766,0.4615384638309479
md_public_star_partial,Manufacturing_defects,public,Star_partially_erased,7,DFM,0.9791209101676941,0.5454545617103577
md_public_star_partial,Manufacturing_defects,public,Star_partially_erased,7,CFA,0.5087912082672119,0.10256410390138626
md_public_star_partial,Manufacturing_defects,public,Star_partially_erased,7,STFPM,0.6131868362426758,0.0
md_public_star_partial,Manufacturing_defects,public,Star_partially_erased,8,Patchcore,0.5648351907730103,0.1538461595773697
md_public_star_partial,Manufacturing_defects,public,Star_partially_erased,8,PaDiM,0.7681317925453186,0.13333334028720856
md_public_star_partial,Manufacturing_defects,public,Star_partially_erased,8,DFM,0.9791209101676941,0.5454545617103577
md_public_star_partial,Manufacturing_defects,public,Star_partially_erased,8,CFA,0.42637360095977783,0.0
md_public_star_partial,Manufacturing_defects,public,Star_partially_erased,8,STFPM,0.7593406438827515,0.1599999964237213
md_public_star_partial,Manufacturing_defects,public,Star_partially_erased,9,Patchcore,0.8131868243217468,0.2222222238779068
md_public_star_partial,Manufacturing_defects,public,Star_partially_erased,9,PaDiM,0.8769230842590332,0.5714285969734192
md_public_star_partial,Manufacturing_defects,public,Star_partially_erased,9,DFM,0.9791209101676941,0.5454545617103577
md_public_star_partial,Manufacturing_defects,public,Star_partially_erased,9,CFA,0.48351648449897766,0.10256410390138626
md_public_star_partial,Manufacturing_defects,public,Star_partially_erased,9,STFPM,0.7428570985794067,0.1538461595773697
md_public_star_partial,Manufacturing_defects,public,Star_partially_erased,10,Patchcore,0.5615384578704834,0.11764705926179886
md_public_star_partial,Manufacturing_defects,public,Star_partially_erased,10,PaDiM,0.7153845429420471,0.20000000298023224
md_public_star_partial,Manufacturing_defects,public,Star_partially_erased,10,DFM,0.9791209101676941,0.5454545617103577
md_public_star_partial,Manufacturing_defects,public,Star_partially_erased,10,CFA,0.4615384638309479,0.13793103396892548
md_public_star_partial,Manufacturing_defects,public,Star_partially_erased,10,STFPM,0.7956043481826782,0.1764705926179886
md_public_all_defectives,Manufacturing_defects,public,"7_partially_erased,Building_partially_erased,Different_pressures,Star_partially_erased",1,Patchcore,0.731070876121521,0.6842105388641357
md_public_all_defectives,Manufacturing_defects,public,"7_partially_erased,Building_partially_erased,Different_pressures,Star_partially_erased",1,PaDiM,0.9633484482765198,0.8792270421981812
md_public_all_defectives,Manufacturing_defects,public,"7_partially_erased,Building_partially_erased,Different_pressures,Star_partially_erased",1,DFM,0.9912518262863159,0.9353233575820923
md_public_all_defectives,Manufacturing_defects,public,"7_partially_erased,Building_partially_erased,Different_pressures,Star_partially_erased",1,CFA,0.8480391502380371,0.7804877758026123
md_public_all_defectives,Manufacturing_defects,public,"7_partially_erased,Building_partially_erased,Different_pressures,Star_partially_erased",1,STFPM,0.7918552160263062,0.7075812220573425
md_public_all_defectives,Manufacturing_defects,public,"7_partially_erased,Building_partially_erased,Different_pressures,Star_partially_erased",2,Patchcore,0.9175716638565063,0.8198198080062866
md_public_all_defectives,Manufacturing_defects,public,"7_partially_erased,Building_partially_erased,Different_pressures,Star_partially_erased",2,PaDiM,0.975791871547699,0.9170731902122498
md_public_all_defectives,Manufacturing_defects,public,"7_partially_erased,Building_partially_erased,Different_pressures,Star_partially_erased",2,DFM,0.9912518262863159,0.9353233575820923
md_public_all_defectives,Manufacturing_defects,public,"7_partially_erased,Building_partially_erased,Different_pressures,Star_partially_erased",2,CFA,0.85113126039505,0.7853403091430664
md_public_all_defectives,Manufacturing_defects,public,"7_partially_erased,Building_partially_erased,Different_pressures,Star_partially_erased",2,STFPM,0.7927224636077881,0.7124463319778442
md_public_all_defectives,Manufacturing_defects,public,"7_partially_erased,Building_partially_erased,Different_pressures,Star_partially_erased",3,Patchcore,0.900829553604126,0.8082901835441589
md_public_all_defectives,Manufacturing_defects,public,"7_partially_erased,Building_partially_erased,Different_pressures,Star_partially_erased",3,PaDiM,0.9539215564727783,0.8530805706977844
md_public_all_defectives,Manufacturing_defects,public,"7_partially_erased,Building_partially_erased,Different_pressures,Star_partially_erased",3,DFM,0.9912518262863159,0.9353233575820923
md_public_all_defectives,Manufacturing_defects,public,"7_partially_erased,Building_partially_erased,Different_pressures,Star_partially_erased",3,CFA,0.8412519097328186,0.7628865838050842
md_public_all_defectives,Manufacturing_defects,public,"7_partially_erased,Building_partially_erased,Different_pressures,Star_partially_erased",3,STFPM,0.8750000596046448,0.7352941036224365
md_public_all_defectives,Manufacturing_defects,public,"7_partially_erased,Building_partially_erased,Different_pressures,Star_partially_erased",4,Patchcore,0.8081448078155518,0.7407407164573669
md_public_all_defectives,Manufacturing_defects,public,"7_partially_erased,Building_partially_erased,Different_pressures,Star_partially_erased",4,PaDiM,0.9581447839736938,0.8611111044883728
md_public_all_defectives,Manufacturing_defects,public,"7_partially_erased,Building_partially_erased,Different_pressures,Star_partially_erased",4,DFM,0.9912518262863159,0.9353233575820923
md_public_all_defectives,Manufacturing_defects,public,"7_partially_erased,Building_partially_erased,Different_pressures,Star_partially_erased",4,CFA,0.8607843518257141,0.7799999713897705
md_public_all_defectives,Manufacturing_defects,public,"7_partially_erased,Building_partially_erased,Different_pressures,Star_partially_erased",4,STFPM,0.8423076868057251,0.6868686676025391
md_public_all_defectives,Manufacturing_defects,public,"7_partially_erased,Building_partially_erased,Different_pressures,Star_partially_erased",5,Patchcore,0.9255656003952026,0.8118811845779419
md_public_all_defectives,Manufacturing_defects,public,"7_partially_erased,Building_partially_erased,Different_pressures,Star_partially_erased",5,PaDiM,0.977450966835022,0.9178743958473206
md_public_all_defectives,Manufacturing_defects,public,"7_partially_erased,Building_partially_erased,Different_pressures,Star_partially_erased",5,DFM,0.9912518262863159,0.9353233575820923
md_public_all_defectives,Manufacturing_defects,public,"7_partially_erased,Building_partially_erased,Different_pressures,Star_partially_erased",5,CFA,0.819683313369751,0.7487179636955261
md_public_all_defectives,Manufacturing_defects,public,"7_partially_erased,Building_partially_erased,Different_pressures,Star_partially_erased",5,STFPM,0.8612744808197021,0.7669903039932251
md_public_all_defectives,Manufacturing_defects,public,"7_partially_erased,Building_partially_erased,Different_pressures,Star_partially_erased",6,Patchcore,0.9267722368240356,0.8615384697914124
md_public_all_defectives,Manufacturing_defects,public,"7_partially_erased,Building_partially_erased,Different_pressures,Star_partially_erased",6,PaDiM,0.9477375149726868,0.8516746163368225
md_public_all_defectives,Manufacturing_defects,public,"7_partially_erased,Building_partially_erased,Different_pressures,Star_partially_erased",6,DFM,0.9912518262863159,0.9353233575820923
md_public_all_defectives,Manufacturing_defects,public,"7_partially_erased,Building_partially_erased,Different_pressures,Star_partially_erased",6,CFA,0.8435143232345581,0.7872340679168701
md_public_all_defectives,Manufacturing_defects,public,"7_partially_erased,Building_partially_erased,Different_pressures,Star_partially_erased",6,STFPM,0.8398189544677734,0.7666666507720947
md_public_all_defectives,Manufacturing_defects,public,"7_partially_erased,Building_partially_erased,Different_pressures,Star_partially_erased",7,Patchcore,0.9095022678375244,0.7846890091896057
md_public_all_defectives,Manufacturing_defects,public,"7_partially_erased,Building_partially_erased,Different_pressures,Star_partially_erased",7,PaDiM,0.9590498208999634,0.8682926893234253
md_public_all_defectives,Manufacturing_defects,public,"7_partially_erased,Building_partially_erased,Different_pressures,Star_partially_erased",7,DFM,0.9912518262863159,0.9353233575820923
md_public_all_defectives,Manufacturing_defects,public,"7_partially_erased,Building_partially_erased,Different_pressures,Star_partially_erased",7,CFA,0.8404977917671204,0.8020304441452026
md_public_all_defectives,Manufacturing_defects,public,"7_partially_erased,Building_partially_erased,Different_pressures,Star_partially_erased",7,STFPM,0.7380467057228088,0.6612903475761414
md_public_all_defectives,Manufacturing_defects,public,"7_partially_erased,Building_partially_erased,Different_pressures,Star_partially_erased",8,Patchcore,0.9095776677131653,0.7870370149612427
md_public_all_defectives,Manufacturing_defects,public,"7_partially_erased,Building_partially_erased,Different_pressures,Star_partially_erased",8,PaDiM,0.9656863212585449,0.9009901285171509
md_public_all_defectives,Manufacturing_defects,public,"7_partially_erased,Building_partially_erased,Different_pressures,Star_partially_erased",8,DFM,0.9912518262863159,0.9353233575820923
md_public_all_defectives,Manufacturing_defects,public,"7_partially_erased,Building_partially_erased,Different_pressures,Star_partially_erased",8,CFA,0.8469080328941345,0.7897436022758484
md_public_all_defectives,Manufacturing_defects,public,"7_partially_erased,Building_partially_erased,Different_pressures,Star_partially_erased",8,STFPM,0.8516591191291809,0.7400000095367432
md_public_all_defectives,Manufacturing_defects,public,"7_partially_erased,Building_partially_erased,Different_pressures,Star_partially_erased",9,Patchcore,0.9257919192314148,0.8633880019187927
md_public_all_defectives,Manufacturing_defects,public,"7_partially_erased,Building_partially_erased,Different_pressures,Star_partially_erased",9,PaDiM,0.9736802577972412,0.89952152967453
md_public_all_defectives,Manufacturing_defects,public,"7_partially_erased,Building_partially_erased,Different_pressures,Star_partially_erased",9,DFM,0.9912518262863159,0.9353233575820923
md_public_all_defectives,Manufacturing_defects,public,"7_partially_erased,Building_partially_erased,Different_pressures,Star_partially_erased",9,CFA,0.8619155287742615,0.782608687877655
md_public_all_defectives,Manufacturing_defects,public,"7_partially_erased,Building_partially_erased,Different_pressures,Star_partially_erased",9,STFPM,0.7669305801391602,0.7111111283302307
md_public_all_defectives,Manufacturing_defects,public,"7_partially_erased,Building_partially_erased,Different_pressures,Star_partially_erased",10,Patchcore,0.9150829315185547,0.7900000214576721
md_public_all_defectives,Manufacturing_defects,public,"7_partially_erased,Building_partially_erased,Different_pressures,Star_partially_erased",10,PaDiM,0.9552035331726074,0.8799999952316284
md_public_all_defectives,Manufacturing_defects,public,"7_partially_erased,Building_partially_erased,Different_pressures,Star_partially_erased",10,DFM,0.9912518262863159,0.9353233575820923
md_public_all_defectives,Manufacturing_defects,public,"7_partially_erased,Building_partially_erased,Different_pressures,Star_partially_erased",10,CFA,0.8433635234832764,0.7692307829856873
md_public_all_defectives,Manufacturing_defects,public,"7_partially_erased,Building_partially_erased,Different_pressures,Star_partially_erased",10,STFPM,0.8720965385437012,0.7604166865348816
